name,rotation,shift_x,shift_y
0_,172.4768822,37,-28
28_,172.4768822,24,-43
